trial_number,learning_rate,weight_decay,batch_size,num_train_epochs,warmup_steps,gradient_accumulation_steps,eval_rouge-l
0,2.958696443629532e-05,0.02412550452853243,32,10,10,4,0.27920902850716295
1,0.00011075733097369308,0.032680627197199566,16,20,10,2,0.27663643842041435
