trial_number,learning_rate,weight_decay,batch_size,num_train_epochs,warmup_steps,gradient_accumulation_steps,eval_rouge-l,rouge-mean
0,0.0002731304037760795,0.017648866162561238,16,5,100,1,0.3272394523761798,0.26460216077007903
1,0.000373137091891632,0.02060998781355089,8,5,50,4,0.3210817474366663,0.25912427717526354
